<?xml version="1.0" encoding="UTF-8"?>
<project-private xmlns="http://www.netbeans.org/ns/project-private/1">
    <editor-bookmarks xmlns="http://www.netbeans.org/ns/editor-bookmarks/2" lastBookmarkId="0"/>
    <open-files xmlns="http://www.netbeans.org/ns/projectui-open-files/2">
        <group>
            <file>file:/C:/Users/Gerrit/Documents/NetBeansProjects/ProjectKBSD/src/projectkbsd/Component.java</file>
            <file>file:/C:/Users/Gerrit/Documents/NetBeansProjects/ProjectKBSD/src/projectkbsd/Algorithm.java</file>
            <file>file:/C:/Users/Gerrit/Documents/NetBeansProjects/ProjectKBSD/src/projectkbsd/Webserver.java</file>
            <file>file:/C:/Users/Gerrit/Documents/NetBeansProjects/ProjectKBSD/src/projectkbsd/Networkeditor.java</file>
            <file>file:/C:/Users/Gerrit/Documents/NetBeansProjects/ProjectKBSD/src/projectkbsd/ProjectKBSD.java</file>
            <file>file:/C:/Users/Gerrit/Documents/NetBeansProjects/ProjectKBSD/src/projectkbsd/Databaseloadbalancer.java</file>
            <file>file:/C:/Users/Gerrit/Documents/NetBeansProjects/ProjectKBSD/src/projectkbsd/Databaseserver.java</file>
            <file>file:/C:/Users/Gerrit/Documents/NetBeansProjects/ProjectKBSD/src/projectkbsd/Firewall.java</file>
            <file>file:/C:/Users/Gerrit/Documents/NetBeansProjects/ProjectKBSD/src/projectkbsd/Network.java</file>
            <file>file:/C:/Users/Gerrit/Documents/NetBeansProjects/ProjectKBSD/src/projectkbsd/OptimaliserenDialoog.java</file>
        </group>
    </open-files>
</project-private>
