<?xml version="1.0" encoding="UTF-8"?>
<project-private xmlns="http://www.netbeans.org/ns/project-private/1">
    <editor-bookmarks xmlns="http://www.netbeans.org/ns/editor-bookmarks/2" lastBookmarkId="0"/>
    <open-files xmlns="http://www.netbeans.org/ns/projectui-open-files/2">
        <group>
            <file>file:/C:/Users/Gerrit/Documents/NetBeansProjects/projectkbsdmonitoring/src/projectkbsdmonitor/Monitor.java</file>
            <file>file:/C:/Users/Gerrit/Documents/NetBeansProjects/projectkbsdmonitoring/src/JDialogs/JDialogdbl.java</file>
            <file>file:/C:/Users/Gerrit/Documents/NetBeansProjects/projectkbsdmonitoring/src/projectkbsdmonitor/Monitoring.java</file>
            <file>file:/C:/Users/Gerrit/Documents/NetBeansProjects/projectkbsdmonitoring/src/JDialogs/JDialogws.java</file>
            <file>file:/C:/Users/Gerrit/Documents/NetBeansProjects/projectkbsdmonitoring/src/JDialogs/JDialogdbs.java</file>
            <file>file:/C:/Users/Gerrit/Documents/NetBeansProjects/projectkbsdmonitoring/src/JDialogs/JDialogfw.java</file>
            <file>file:/C:/Users/Gerrit/Documents/NetBeansProjects/projectkbsdmonitoring/src/JPanels/jPanelwsStatus.java</file>
            <file>file:/C:/Users/Gerrit/Documents/NetBeansProjects/projectkbsdmonitoring/src/projectkbsdmonitor/Node.java</file>
            <file>file:/C:/Users/Gerrit/Documents/NetBeansProjects/projectkbsdmonitoring/src/JPanels/JPanelws.java</file>
            <file>file:/C:/Users/Gerrit/Documents/NetBeansProjects/projectkbsdmonitoring/src/projectkbsdmonitor/connectjson.java</file>
            <file>file:/C:/Users/Gerrit/Documents/NetBeansProjects/projectkbsdmonitoring/src/projectkbsdmonitor/ProjectKBSDMonitor.java</file>
            <file>file:/C:/Users/Gerrit/Documents/NetBeansProjects/projectkbsdmonitoring/src/projectkbsdmonitor/Webserver.java</file>
        </group>
    </open-files>
</project-private>
